{
  "nodes": {
    "merged-audio#2": {
      "contentWidth": 450,
      "rfNode": {
        "position": {
          "x": 405,
          "y": 330
        }
      }
    },
    "list_files_from_folder#1": {
      "contentWidth": 450,
      "rfNode": {
        "position": {
          "x": -249.50479104180576,
          "y": 474.2842693899997
        }
      }
    },
    "media_merge#1": {
      "contentWidth": 450,
      "rfNode": {
        "position": {
          "x": 393.90918461897496,
          "y": 1039.499559515701
        }
      }
    },
    "merged_audio#1": {
      "contentWidth": 450,
      "rfNode": {
        "position": {
          "x": 376.09994928464425,
          "y": 1462.6469910593987
        }
      }
    },
    "intercept-video#1": {
      "rfNode": {
        "position": {
          "x": -176.60463080926002,
          "y": 1057.636331689995
        }
      }
    }
  }
}