{
  "nodes": {
    "add-watermark#2": {
      "contentWidth": 772.3828199355523,
      "rfNode": {
        "position": {
          "x": 1268.945206920948,
          "y": 100.70636386771835
        }
      }
    },
    "extract-audio#1": {
      "rfNode": {
        "position": {
          "x": -154.13216281995147,
          "y": 524.789236095544
        }
      }
    }
  }
}