{
  "nodes": {
    "add-subtitles#1": {
      "rfNode": {
        "position": {
          "x": 269,
          "y": 339
        }
      }
    },
    "trim-video#1": {
      "rfNode": {
        "position": {
          "x": 234.53852029480046,
          "y": 964.8698856126905
        }
      }
    }
  }
}