{
  "nodes": {
    "intercept-video#1": {
      "rfNode": {
        "position": {
          "x": 16.122050277337067,
          "y": 543.2245916770033
        }
      }
    }
  }
}